Url,Title,Summary
https://news.google.ca/,Google News,"Comprehensive, up-to-date news coverage, aggregated from sources all over the 
world by Google News."
https://www.stocktargetadvisor.com/watchlist,Watchlist | Stock Target Advisor - Stock Target Prices,"Markets InsiderAmazon Stock: A Protracted Battle Looms Ahead Seeking 
AlphaAmazon.com, Inc. (AMZN), AARP May Team Up On Older Demographics 
Projects StockNews.com (blog)wf-form4_151916922315595.xml - SEC.gov SEC.
govOpinion: Are Facebook, Amazon and Google bad for America? 
MarketWatchFull ..."
http://www.oddonion.com/,Google News,"Fox News 1h ago. Trump renews attack on Amazon, calling its shipping deal with 
Postal Service a 'scam' that must end. Los Angeles Times 2h ago. wf-
form4_151916922315595.xml - SEC.gov. Most Referenced SEC.gov Mar 5, 
2018. 6:51. Trump slams Amazon, says giant hurts economy, postal service. 
Video CNN."
http://www.proudtrucker.com/shopping.html,Www.proudtrucker.com - The Latest Shopping News and Information,"... shopping possible for everyone. Bank of America Merrill Lynch reiterates its 
buy rating on Amazon shares, saying a new banking offering will spur more e-
commerce sales. ""We think that Amazon's primary ... Amazon.com, Inc. - AMZN - 
Stock Price Today - ZacksZacks wf-form4_151916922315595.xml - SEC.govSEC
.gov"
http://www.smile.fm/news/,"Local News For Lansing, MI - News | Smile FM - Michigan's Positive ...","Trump continues attacks on Amazon, Washington Post CNN; Trump accuses 
Amazon of 'Post Office scam,' falsely says The Post is company's lobbyist 
Washington Post; Trump Hits Amazon Again, Ripping Postal  Scam  And  
Fake Washington Post  Deadline; wf-form4_151916922315595.xml - SEC.gov 
SEC.gov; Full ..."
http://www.teamclubtravel.org/shopping.html,Www.teamclubtravel.org - The Latest Shopping News and Information,"... banking could make it possible for everyone to shop online. CNBC Bank of 
America Merrill Lynch reiterates its buy rating on Amazon shares, saying a new 
banking offering will spur more e-commerce sales. Amazon.com, Inc. - AMZN - 
Stock Price Today - ZacksZacks wf-form4_151916922315595.xml - SEC.govSEC
.gov"
http://www.jerzrokr.com/shopping.html,Www.jerzrokr.com - The Latest Shopping News and Information,"... shopping possible for everyone. Bank of America Merrill Lynch reiterates its 
buy rating on Amazon shares, saying a new banking offering will spur more e-
commerce sales. ""We think that Amazon's primary ... Amazon.com, Inc. - AMZN - 
Stock Price Today - ZacksZacks wf-form4_151916922315595.xml - SEC.govSEC
.gov"
http://www.dna-colje.nl/en/contact-us/,"Contact - DEFEND & ADVISE - AVOCATS - P-Ph. COLJE, Est. 2002","Amazon shares tumble on report Trump wants to 'go after' the company Los 
Angeles TimesTrump may hate Amazon, but there's little he could do to it USA 
TODAYWall Street Closes Lower in Rocky Session on Amazon Losses New York 
Timeswf-form4_151916922315595.xml - SEC.gov SEC.govTrump hates Amazon
, not ..."
http://www.ebanksdesignstudio.com/,Ebanks Design Studio: Graphic Design | Web Design | Printing ...,"Trump Attacks Amazon, Saying It Does Not Pay Enough Taxes New York 
TimesTrump escalates attack on Amazon, focusing on tax, shipping 
ReutersPresident Trump targets Amazon on Twitter, shares slide USA TODAYwf-
form4_151916922315595.xml - SEC.gov SEC.govTrump hates Amazon, not 
Facebook AxiosFull ..."
http://chattahoochee-tribe.org/shopping.html,Chattahoochee-tribe.org - The Latest Shopping News and Information,"... shopping possible for everyone. Bank of America Merrill Lynch reiterates its 
buy rating on Amazon shares, saying a new banking offering will spur more e-
commerce sales. ""We think that Amazon's primary ... Amazon.com, Inc. - AMZN - 
Stock Price Today - ZacksZacks wf-form4_151916922315595.xml - SEC.govSEC
.gov"
https://www.reddit.com/r/Atlanta/comments/87t3s0/i_think_our_odds_of_getting_amazon_hq2_just/,I think our odds of getting Amazon HQ2 just improved ...,"U.S. News & World Report: Pros and Cons to Buying Amazon Stock; zacks.com: 
Amazon.com, Inc. - AMZN - Stock Price Today; sec.gov: wf-
form4_151916922315595.xml - SEC.gov; CNBC: Trump reportedly wants to 'go 
after' Amazon by changing tax treatment; Reuters: US STOCKS-Amazon, Apple 
weigh ..."
http://www.polyestertime.com/smart-fabric-brrr-cool/,Smart Fabric Startup Brrrº Raises A Million to Keep You Cool All ...,"3 days ago ... Trump Attacks Amazon, Saying It Does Not Pay Enough Taxes New York 
TimesHere's the controversial tax practice by Amazon that's got Trump so upset 
CNBCPresident Trump targets Amazon on Twitter, shares slide USA TODAYwf-
form4_151916922315595.xml - SEC.gov SEC.govTrump hates Amazon ..."
https://harrybsullivan.wordpress.com/2018/03/22/saudis-hunting-for-deals-plan-to-meet-amazon-apple-google/,"Saudis Hunting for Deals Plan to Meet Amazon, Apple, Google ...","Mar 22, 2018 ... Saudis Hunting for Deals Plan to Meet Amazon, Apple, Google Bloomberg. 
Google's E-Commerce Rivalry With Amazon Just Got More Serious TheStreet.
com; Amazon's 26 Million US Streamers Fall Short of Netflix, but Boost Prime 
Memberships Motley Fool; wf-form4_151916922315595.xml – SEC.gov ..."
http://www.tradersautomotive.com/shopping.html,Www.tradersautomotive.com - The Latest Shopping News and ...,"... banking could make it possible for everyone to shop online. CNBC Bank of 
America Merrill Lynch reiterates its buy rating on Amazon shares, saying a new 
banking offering will spur more e-commerce sales. Amazon.com, Inc. - AMZN - 
Stock Price Today - ZacksZacks wf-form4_151916922315595.xml - SEC.govSEC
.gov"
http://lotr.wikia.com/wiki/News,News | The One Wiki to Rule Them All | FANDOM powered by Wikia,"How Amazon's Original Content Increases Prime MembershipsMadison.com 
Amazon.com, Inc. - AMZN - Stock Price Today - ZacksZacks wf-
form4_151916922315595.xml - SEC.govSEC.gov all 430 news articles » [?] 
reliance jio: Why Mukesh Ambani won't become India's lord of the ... - Economic 
Times · Economic Times ..."
https://www.sec.gov/Archives/edgar/data/1018724/000101872418000034/0001018724-18-000034.txt,wilke jeffrey a - SEC.gov,"... 98109 BUSINESS PHONE: 2062661000 MAIL ADDRESS: STREET 1: 410 
TERRY AVENUE NORTH CITY: SEATTLE STATE: WA ZIP: 98109 </SEC-
HEADER> <DOCUMENT> <TYPE>4 <SEQUENCE>1 <FILENAME>wf-
form4_151916922315595.xml <DESCRIPTION>FORM 4 <TEXT> <XML> <?xml 
version=""1.0""?>"
http://www.cubum.com/shopping.html,Shopping GOLG - The Latest Shopping News and Information,"... banking could make it possible for everyone to shop online. CNBC Bank of 
America Merrill Lynch reiterates its buy rating on Amazon shares, saying a new 
banking offering will spur more e-commerce sales. Amazon.com, Inc. - AMZN - 
Stock Price Today - ZacksZacks wf-form4_151916922315595.xml - SEC.govSEC
.gov"
http://www.partnershipforsolutions.com/shopping.html,Www.partnershipforsolutions.com - The Latest Shopping News and ...,"... through to their site (the most common paid search fee model), Shopping 
Actions charges on a cost-per-sale model, earning revenue from sales generated 
from these placements. Google insists that “No ... Amazon.com, Inc. - AMZN - 
Stock Price Today - ZacksZacks wf-form4_151916922315595.xml - SEC.govSEC
.gov"
http://www.googlevoice.business/amazon-vaults-ahead-of-alphabet-in-market-value/,Amazon Vaults Ahead of Alphabet in Market Value – GoogleVoice ...,"Mar 21, 2018 ... Amazon Vaults Ahead of Alphabet in Market Value Bloomberg. wf-
form4_151916922315595.xml – SEC.gov SEC.gov; Google is creating its own 
Amazon right under our noses Computerworld. Full coverage ..."
http://www.golfdude.net/,Golf Dude | Golf Dude In The Basement,"Amazon shares tumble on report Trump wants to 'go after' the company Los 
Angeles TimesTrump may hate Amazon, but there's little he could do to it USA 
TODAYWall Street Closes Lower in Rocky Session on Amazon Losses New York 
Timeswf-form4_151916922315595.xml - SEC.gov SEC.govTrump hates Amazon
, not ..."
http://www.dgshippingindex.com/,Dg Shipping Index,"Nov 7, 2013 ... Trump targets Amazon in morning Twitter attack Washington PostPresident 
Donald Trump Slams Amazon Over Taxes It Pays and Impact on Other 
Businesses Wall Street JournalTrump slams Amazon for 'putting many thousands 
of retailers out of business' The Hillwf-form4_151916922315595.xml ..."
http://www.downtownfriday.com/shopping.html,Www.downtownfriday.com - The Latest Shopping News and ...,"... banking could make it possible for everyone to shop online. CNBC Bank of 
America Merrill Lynch reiterates its buy rating on Amazon shares, saying a new 
banking offering will spur more e-commerce sales. Amazon.com, Inc. - AMZN - 
Stock Price Today - ZacksZacks wf-form4_151916922315595.xml - SEC.govSEC
.gov"
http://www.thisisfederation.org/difference-between-decaf-and-regular-coffee/,Difference Between Decaf and Regular Coffee | Explained,"Jul 18, 2017 ... Amazon shares tumble on report Trump wants to 'go after' the company Los 
Angeles TimesTrump may hate Amazon, but there's little he could do to it USA 
TODAYWall Street Closes Lower in Rocky Session on Amazon Losses New York 
Timeswf-form4_151916922315595.xml - SEC.gov SEC.govTrump ..."
http://kvinnorattsforbundet.org/?page_id=68,Om Oss - Kvinnorättsförbundet,"Trump Attacks Amazon, Saying It Does Not Pay Enough Taxes New York 
TimesPresident Trump targets Amazon on Twitter, shares slide USA 
TODAYHere's the controversial tax practice by Amazon that's got Trump so upset 
CNBCwf-form4_151916922315595.xml - SEC.gov SEC.govTrump hates 
Amazon, not Facebook ..."
http://www.vincenzotedesco.it/tag/reclutamento/,Reclutamento Archivi - Vincenzo TedescoVincenzo Tedesco,"Amazon shares tumble on report Trump wants to 'go after' the company Los 
Angeles TimesTrump may hate Amazon, but there's little he could do to it USA 
TODAYWall Street Closes Lower in Rocky Session on Amazon Losses New York 
Timeswf-form4_151916922315595.xml - SEC.gov SEC.govTrump hates Amazon
, not ..."
http://www.paydaycashservices.com/tag/credit-card/,Credit card Archives - Payday Cash Advance Service,"Trump wants to 'go after' Amazon over taxes, but Congress and the Supreme 
Court could settle the issue for him CNBCAmazon shares dip following Trump's 
reported desire to regulate it The HillForget Zuckerberg: Trump Is “Obsessed” 
with Breaking Jeff Bezos Vanity Fairwf-form4_151916922315595.xml - SEC.gov 
SEC."
https://opinionposts.com/author/editor-bo/,Editor BO | Opinionposts.com,"Trump Attacks Amazon, Saying It Does Not Pay Enough Taxes New York 
TimesTrump escalates attack on Amazon, focusing on tax, shipping 
ReutersHere's the controversial tax practice by Amazon that's got Trump so upset 
CNBCwf-form4_151916922315595.xml - SEC.gov SEC.govTrump hates 
Amazon, not Facebook ..."
http://www.vintage-valley.com/,"Vintage Valley Bath Supply | You Need It, We Got It!","Mar 25, 2013 ... Trump Attacks Amazon Again: DealBook Briefing New York TimesPresident 
Donald Trump Slams Amazon Over Taxes It Pays and Impact on Other 
Businesses Wall Street JournalTrump slams Amazon for 'putting many thousands 
of retailers out of business' The Hillwf-form4_151916922315595.xml ..."
http://www.wealthnewstoday.com/facebook-google-and-amazon-could-pay-fair-tax-under-eu-plans/,"Facebook, Google and Amazon could pay 'fair' tax under EU plans","Mar 22, 2018 ... Facebook, Google and Amazon could pay 'fair' tax under EU plans The Guardian. 
wf-form4_151916922315595.xml – SEC.gov SEC.gov. Full coverage · Source 
link · « NEXT | PREVIOUS ». Recommended Posts. New Names, New Locations 
Can Signal Trouble When It Comes To Tax Preparers."
http://summitstationapts.com/world.html,Summitstationapts.com - The Latest World News and Information,"The e-commerce giant rose 2.7 percent on Tuesday lifting its stock market value 
to $768 billion. Alphabet, the parent of Google, fell 0.4 ... Amazon topples Google 
parent as the world's No. 2 most valuable companySeattle Times Amazon.com, 
Inc. - AMZN - Stock Price Today - ZacksZacks wf-form4_151916922315595.xml ..."
http://www.sic-sport.com/shopping.html,Www.sic-sport.com - The Latest Shopping News and Information,"... banking could make it possible for everyone to shop online. CNBC Bank of 
America Merrill Lynch reiterates its buy rating on Amazon shares, saying a new 
banking offering will spur more e-commerce sales. Amazon.com, Inc. - AMZN - 
Stock Price Today - ZacksZacks wf-form4_151916922315595.xml - SEC.govSEC
.gov"
http://www.linkautomate.com/some-thoughts-concerning-christian-behavior/,Some Thoughts Concerning Christian Behavior | Computer ...,"Oct 21, 2016 ... Trump may hate Amazon, but there's little he could do to it USA TODAYWhite 
House: 'No specific' actions being considered for Amazon The HillAmazon 
shares slump after report that Trump seeking ways to go after company Seattle 
Timeswf-form4_151916922315595.xml - SEC.gov SEC.govTrump hates ..."
http://adviseur.org/shopping.html,Adviseur.org - The Latest Shopping News and Information,"... on a cost-per-sale model, earning revenue from sales generated from these 
placements. Google insists that “No ... A Tisket, A Tasket, Building Stronger 
Shopping BasketsPYMNTS.com. Amazon.com, Inc. - AMZN - Stock Price Today - 
ZacksZacks wf-form4_151916922315595.xml - SEC.govSEC.gov all 304 news 
articles » ..."
http://williamedwarddavishammer.com/shopping.html,Williamedwarddavishammer.com - The Latest Shopping News and ...,"... shopping possible for everyone. Bank of America Merrill Lynch reiterates its 
buy rating on Amazon shares, saying a new banking offering will spur more e-
commerce sales. ""We think that Amazon's primary ... Amazon.com, Inc. - AMZN - 
Stock Price Today - ZacksZacks wf-form4_151916922315595.xml - SEC.govSEC
.gov"
http://www.cashadvanceproposals.com/tag/payment/,Payment Archives - Cash Advance Proposals,"Feb 22, 2013 ... Trump Attacks Amazon Again: DealBook Briefing New York TimesPresident 
Donald Trump Slams Amazon Over Taxes It Pays and Impact on Other 
Businesses Wall Street JournalTrump slams Amazon for 'putting many thousands 
of retailers out of business' The Hillwf-form4_151916922315595.xml ..."
http://depositinsuredbanks.com/overview.aspx?r=news&n=Carter+Bank+&c=58596,Carter Bank & Trust - News - Deposit Insured Banks in United States,"... reported in 2017Q3 SEC filing. King Wealth Management Group Llc acquired 
411 shares as Amazon Com Inc (AMZN)'s stock rose 13.58%. The King Wealth 
Management Group Llc ... Amazon.com, Inc. - AMZN - Stock Price Today - Zacks
Zacks wf-form4_151916922315595.xml - SEC.govSEC.gov all 303 news articles 
» ..."
http://www.internationalpropertyalliance.com/disclaimer,Our Disclosure | International Property Movers Alliance,"Trump administration: no plans to take action against Amazon USA TODAYIs 
tech wreck for Amazon and Facebook over or just beginning? 
CNNMoneyAmazon shares fall after report Trump wants to curb its power 
Reuterswf-form4_151916922315595.xml - SEC.gov SEC.govTrump hates 
Amazon, not Facebook AxiosFull ..."
http://www.feedspot.com/?followfeedid=4738252,Google News - Laser Cutting on Feedspot - Rss Feed,"... jewelry out of his Houston garage. The Houston Chronicle reports he sold 
pieces at shops here and there, even dabbled in ... Amazon Handmade is 
keeping artisans busy Seattle Daily Journal of Commerce Amazon.com, Inc. - 
AMZN - Stock Price Today - Zacks Zacks wf-form4_151916922315595.xml - SEC
.gov SEC.gov"
http://welcometosealbeach.com/things-to-do-in-and-near-seal-beach/15-whale-watching-cruise/,$15 whale watching cruise - Seal Beach,"Trump vs. Amazon: The sequel Washington Post Trump vs. Amazon: Let's set the 
record straight CNNMoney President Trump targets Amazon on Twitter, shares 
down 2% USA TODAY wf-form4_151916922315595.xml - SEC.gov SEC.gov 
Trump hates Amazon, not Facebook Axios Full coverage; Trump sons proclaim 
love ..."
http://welcometosealbeach.com/h-b-senior-is-third-generation-homecoming-queen/,H.B. senior is third-generation homecoming queen - Seal Beach,"Oct 18, 2011 ... Amazon: Let's set the record straight CNNMoney President Trump targets 
Amazon on Twitter, shares down 2% USA TODAY wf-form4_151916922315595.
xml - SEC.gov SEC.gov Trump hates Amazon, not Facebook Axios Full coverage; 
Trump sons proclaim love for dad after Jeb Bush 'dig' - March 29, ..."
http://www.meditation411.com/shopping.html,Www.meditation411.com - The Latest Shopping News and Information,"... through to their site (the most common paid search fee model), Shopping 
Actions charges on a cost-per-sale model, earning revenue from sales generated 
from these placements. Google insists that “No ... Amazon.com, Inc. - AMZN - 
Stock Price Today - ZacksZacks wf-form4_151916922315595.xml - SEC.govSEC
.gov"
http://www.petwicks.com/shopping.html,Www.petwicks.com - The Latest Shopping News and Information,"... banking could make it possible for everyone to shop online. CNBC Bank of 
America Merrill Lynch reiterates its buy rating on Amazon shares, saying a new 
banking offering will spur more e-commerce sales. Amazon.com, Inc. - AMZN - 
Stock Price Today - ZacksZacks wf-form4_151916922315595.xml - SEC.govSEC
.gov"
http://doctorpc.ro/world.html,Doctor PC - The Latest World News and Information,"The e-commerce giant rose 2.7 percent on Tuesday lifting its stock market value 
to $768 billion. Alphabet, the parent of Google, fell 0.4 ... Amazon topples Google 
parent as the world's No. 2 most valuable companySeattle Times Amazon.com, 
Inc. - AMZN - Stock Price Today - ZacksZacks wf-form4_151916922315595.xml ..."
http://relivdistributor.com/shopping.html,Relivdistributor.com - The Latest Shopping News and Information,"... saying that bitcoin will be the world's single digital currency in about 10 years 
and Facebook's meltdown over its latest data scandal, you might have missed 
Google's announcement of Shopping Actions ... Amazon.com, Inc. - AMZN - Stock 
Price Today - ZacksZacks wf-form4_151916922315595.xml - SEC.govSEC.gov"
http://toddwhaley.net/,Portland,"20 countries pledge to kick out Russian diplomats over ex-spy's poisoning 2 hr 
Canada and a slew of European countries today pledged to kick out Russian 
diplomats in response to the poisoning of a former Russian spy, just as U.S. 
expels 60 Russians. HS students marching 4 days to Paul Ryan's office for gun 
restrictions ..."
http://thenewyorkprobateattorney.com/health.html,Thenewyorkprobateattorney.com - The Latest Health News and ...,"... ""opportunities around the world and in other categories, which are much, much 
simpler than health care, which is a very regulated business."" What's ... 5 ways 
Amazon could disrupt healthcareHealthcare IT News Amazon.com, Inc. - AMZN - 
Stock Price Today - ZacksZacks wf-form4_151916922315595.xml - SEC.govSEC
."
http://nextgenerationlending.com/tag/fixed-rate-mortgage/,Fixed-rate mortgage Archives - Next Generation Lending,"Trump Attacks Amazon, Saying It Does Not Pay Enough Taxes New York 
TimesTrump escalates attack on Amazon, focusing on tax, shipping 
ReutersPresident Trump targets Amazon on Twitter, shares slide USA TODAYwf-
form4_151916922315595.xml - SEC.gov SEC.govTrump hates Amazon, not 
Facebook AxiosFull ..."
http://nextgenerationlending.com/tag/dodd-frank-wall-street-reform-and-consumer-protection-act/,Dodd–Frank Wall Street Reform and Consumer Protection Act ...,"Trump Attacks Amazon, Saying It Does Not Pay Enough Taxes New York 
TimesTrump escalates attack on Amazon, focusing on tax, shipping 
ReutersPresident Trump targets Amazon on Twitter, shares slide USA TODAYwf-
form4_151916922315595.xml - SEC.gov SEC.govTrump hates Amazon, not 
Facebook AxiosFull ..."
http://capitalhillvalues.com/Neighborhood/News?City=Eisenhower%20Avenue,News - Home value JBG,"Related News. Did one developer just take a prospective HQ2 building out of 
play? Not necessarily. Did one developer just take a prospective HQ2 building 
out of play? Not necessarily.Washington Business Journalwf-
form4_151916922315595.xml - SEC.govSEC.govFull coverage. Daily Record: 
Loveland and Berthoud ..."
http://www.northlandchiropractors.com/29-is-tmj-dentist-treatment-better-than-chiropractic-for-a-headache-or-neck-pain,Is TMJ Dentist Treatment Better Than Chiropractic For a Headache ...,"Trump may hate Amazon, but there's little he could do to it USA TODAYAmazon 
Loses $53 Billion in Market Value, Becoming FAANG's Biggest Loser 
BloombergWhite House: 'No specific' actions being considered for Amazon The 
Hillwf-form4_151916922315595.xml - SEC.gov SEC.govTrump hates Amazon, 
not Facebook ..."
http://www.kavanahtherapy.com/?page_id=14,Terms & Conditions | Kavanah HypnoTherapy,"Trump Attacks Amazon, Saying It Does Not Pay Enough Taxes New York 
TimesTrump escalates attack on Amazon, focusing on tax, shipping 
ReutersHere's the controversial tax practice by Amazon that's got Trump so upset 
CNBCwf-form4_151916922315595.xml - SEC.gov SEC.govTrump hates 
Amazon, not Facebook ..."
https://fx-bots.com/rss/fxbots-google-news.php,BBC NewsFull coverage Posted: 16 minutes ago Amazon shares ...,"2 days ago ... ... 'go after' the company Los Angeles TimesTrump may hate Amazon, but there's 
little he could do to it USA TODAYWall Street Closes Lower in Rocky Session on 
Amazon Losses New York Timeswf-form4_151916922315595.xml - SEC.gov 
SEC.govTrump hates Amazon, not Facebook AxiosFull coverage."
http://ttpgouw.com/shopping.html,Ttpgouw.com - The Latest Shopping News and Information,"... on a cost-per-sale model, earning revenue from sales generated from these 
placements. Google insists that “No ... A Tisket, A Tasket, Building Stronger 
Shopping BasketsPYMNTS.com. Amazon.com, Inc. - AMZN - Stock Price Today - 
ZacksZacks wf-form4_151916922315595.xml - SEC.govSEC.gov all 344 news 
articles » ..."
http://www.basswisherman.com/florida-bass-fishing-news/,Florida Bass Fishing News | BassWisherman,"Trump escalates attack on Amazon, focusing on tax, shipping Reuters President 
Trump targets Amazon on Twitter, shares slide USA TODAY Here's the 
controversial tax practice by Amazon that's got Trump so upset CNBC wf-
form4_151916922315595.xml - SEC.gov SEC.gov Trump hates Amazon, not 
Facebook Axios Full ..."
http://www.shippingtracer.com/,The Shipping Tracer Services | Tracer Services of Shipping,"Trump may hate Amazon, but there's little he could do to it USA TODAYWhite 
House: 'No specific' actions being considered for Amazon The HillUS STOCKS-
Wall St closes lower in rocky session on Amazon losses Nasdaqwf-
form4_151916922315595.xml - SEC.gov SEC.govTrump hates Amazon, not 
Facebook AxiosFull ..."
http://seftonguru.azurewebsites.net/category/rjustneckbeardthings/,r/justneckbeardthings – Sefton dot Guru,"Oct 9, 2017 ... Amazon shares tumble on report Trump wants to 'go after' the company Los 
Angeles TimesWall Street Closes Lower in Rocky Session on Amazon Losses 
New York TimesTrump may hate Amazon, but there's little he could do to it USA 
TODAYwf-form4_151916922315595.xml - SEC.gov SEC.govTrump ..."
https://blog.landfillcqa.co.uk/hdpe-landfill-liners.html,HDPE Landfill Liners - Landfill CQA Information and Good Practise,"Oct 2, 2011 ... Trump may hate Amazon, but there's little he could do to it USA TODAYAmazon 
Loses $53 Billion in Market Value, Becoming FAANG's Biggest Loser 
BloombergWhite House: 'No specific' actions being considered for Amazon The 
Hillwf-form4_151916922315595.xml - SEC.gov SEC.govTrump hates ..."
http://kafenio.eu/tag/kafenio/page/3/,Kafenio: Der Bereich “Im Angebot” ist fertig… — Kalimera im ...,"Kafenio -- Die Seiten des Bereiches “Im Angebot“, zu all den leckeren Dingen, 
die in einem typischen griechischen Kafenio im Angebot sind, sind fer."
http://www.elitedeerhunting.com/shopping.html,Www.elitedeerhunting.com - The Latest Shopping News and ...,"... banking could make it possible for everyone to shop online. CNBC Bank of 
America Merrill Lynch reiterates its buy rating on Amazon shares, saying a new 
banking offering will spur more e-commerce sales. Amazon.com, Inc. - AMZN - 
Stock Price Today - ZacksZacks wf-form4_151916922315595.xml - SEC.govSEC
.gov"
http://www.newsleaf.com/science/,Science – News Leaf,"Org5 ways Amazon could disrupt healthcare Healthcare Finance Newswf-
form4_151916922315595.xml - SEC.gov SEC.govFull coverag […] Chinese 
satellite could crash into Michigan. on March 27, 2018 at 2:51 pm. Chinese 
satellite could crash into Michigan KOAA.com Colorado Springs and Pueblo 
NewsChinese ..."
http://www.opusip.co.uk/2018/03/22/amazons-latest-patent-is-a-delivery-drone-that-understands-when-you-shout-at-it/,Amazon's latest patent is a delivery drone that understands when ...,"Mar 22, 2018 ... Amazon's latest patent is a delivery drone that understands when you shout at it 
The Verge. Amazon is issued patent for delivery drones that can react to 
screaming voices, flailing arms Washington Post; Walmart Applies for Patent on 
Customer-Assisting Drones The Drive; wf-form4_151916922315595.xml ..."
http://www.revengenews.com/here-is-what-pm-narendra-modi-gifted-virat-kohli-anushka-sharma-on-wedding-reception/,"Here is what PM Narendra Modi gifted Virat Kohli, Anushka Sharma ...","Dec 22, 2017 ... Pros and Cons to Buying Amazon Stock U.S. News & World ReportTrump 
Reportedly Wants to Go After Amazon–and Its Stock Tanked Wall Street Journal (
blog)Amazon shares dip following Trump's reported desire to regulate it The 
Hillwf-form4_151916922315595.xml - SEC.gov SEC.govTrump hates ..."
http://ww.emailtrax.com/shopping.html,Ww.emailtrax.com - The Latest Shopping News and Information,"... banking could make it possible for everyone to shop online. CNBC Bank of 
America Merrill Lynch reiterates its buy rating on Amazon shares, saying a new 
banking offering will spur more e-commerce sales. Amazon.com, Inc. - AMZN - 
Stock Price Today - ZacksZacks wf-form4_151916922315595.xml - SEC.govSEC
.gov"
http://iamnotyourgooglebitch.com/shopping.html,Iamnotyourgooglebitch.com - The Latest Shopping News and ...,"... banking could make it possible for everyone to shop online. CNBC Bank of 
America Merrill Lynch reiterates its buy rating on Amazon shares, saying a new 
banking offering will spur more e-commerce sales. Amazon.com, Inc. - AMZN - 
Stock Price Today - ZacksZacks wf-form4_151916922315595.xml - SEC.govSEC
.gov"
http://www.kittycabanasonlinelots.com/crazy-vegas-casino/,Crazy Vegas Casino — kittycabanasonlinelots.com,"CNNMoneyAmazon shares fall after report Trump wants to curb its power 
Reuterswf-form4_151916922315595.xml - SEC.gov SEC.govTrump hates 
Amazon, not Facebook AxiosFull coverage. Julian Assange's Internet cut off over 
controversial social media activity. Julian Assange's Internet cut off over 
controversial social ..."
http://www.fastnews.tv/,Best Breaking News Sites,"EU reveals a digital tax plan that could penalize Google, Amazon and Facebook 
CNBC; EU Tech Tax, Amazon vs Alphabet, China's Target: CEO Daily for March 
21, 2018 Fortune; Is Amazon.com, Inc. a Buy? Motley Fool; wf-
form4_151916922315595.xml - SEC.gov SEC.gov; What if Amazon Closed Up 
Shop Tomorrow?"
http://www.latestnewsus.com/?cf=all&hl=en&pz=1&ned=us&q=%D8%A7%D9%84%D8%B5%D9%81&ict=clu_top,Latest News - Latest news in the US and the globe,"Comprehensive up-to-date news coverage, aggregated from sources all over the 
world by Latest News - Latest news in the US and the globe."
http://www.wnemail.net/stock-market-news.php,Stock Market News,"Amazon, Netflix Hold Above Key Support Level Despite Stock Market Rout 
Investor's Business Daily; wf-form4_151916922315595.xml - SEC.gov SEC.gov 
Full coverage ..."
https://news.webskiver.com/,News Aggregator,"... Hunting for Deals Plan to Meet Amazon, Apple, Google BloombergGoogle's E-
Commerce Rivalry With Amazon Just Got More Serious TheStreet.comwf-
form4_151916922315595.xml – SEC.gov SEC.govFull coverage. Source:https://
www.fool.com/investing/2018/03/22/amazon-prime-is-slowly-losing-its-best-
feature.aspx."
http://civisur.osmose-hebergement.com/public_html/7780.html,OCTOLEMME - osmose hebergement,"Amazon's Focus on Customer Loyalty Is Paying Off Motley Foolwf-
form4_151916922315595.xml - SEC.gov SEC.govFull coverage... Marc Molinaro 
reaffirms focus on Dutchess, looks toward race for governor. Wed, 21 Mar 2018 
20:54:35 GMT Marc Molinaro reaffirms focus on Dutchess, looks toward race for 
governor ..."
http://www.psychicsreaders.tv/shopping.html,Www.psychicsreaders.tv - The Latest Shopping News and Information,"... banking could make it possible for everyone to shop online. CNBC Bank of 
America Merrill Lynch reiterates its buy rating on Amazon shares, saying a new 
banking offering will spur more e-commerce sales. Amazon.com, Inc. - AMZN - 
Stock Price Today - ZacksZacks wf-form4_151916922315595.xml - SEC.govSEC
.gov"
http://free-to-play.tv/category/action/,Action | free-to-play.tv,"President Donald Trump Slams Amazon Over Taxes It Pays and Impact on Other 
Businesses Wall Street JournalTrump Attacks Amazon, Saying It Does Not Pay 
Enough Taxes New York TimesTrump slams Amazon for 'putting many 
thousands of retailers out of business' The Hillwf-form4_151916922315595.xml - 
SEC.gov ..."
http://thebaltimorepost.com/trump-continues-attacks-on-amazon-washington-post,"Trump continues attacks on Amazon, Washington Post - The ...","Trump continues attacks on Amazon, Washington Post CNN. Trump accuses 
Amazon of 'Post Office scam,' falsely says The Post is company's lobbyist 
Washington Post; Trump Hits Amazon Again, Ripping Postal “Scam” And “Fake 
Washington Post” Deadline; wf-form4_151916922315595.xml – SEC.gov SEC.
gov."
http://www.newslocker.com/en-in/news/bollywood/salman-khan-cant-keep-his-eyes-off-katrina-kaif-watch-video/,Salman Khan can't keep his eyes off Katrina Kaif | Watch Video ...,"Mar 22, 2018 ... Bollywood Hungama Tihar jail women turn fashion designers for Bollywood film 
titled Mark Sheet Bollywood Hungama Prisoners in their physical space need not 
be confined in their creative and emotional liberty. This is being proven by the 
female inmates of Tihar jail in Delhi who have turned into fashion ..."
https://www.worldsitenews.com/amazon-is-issued-patent-for-delivery-drones-that-can-react-to-screaming-voices-flailing-arms/,Amazon is issued patent for delivery drones that ... - By worldsitenews,"Amazon is issued patent for delivery drones that can react to screaming voices, 
flailing arms Washington Post. Saudis Hunting for Deals Plan to Meet Amazon, 
Apple, Google Bloomberg; Google's E-Commerce Rivalry With Amazon Just Got 
More Serious TheStreet.com; wf-form4_151916922315595.xml – SEC.gov SEC.
gov."
https://musthaves.la/2018/03/03/will-2018-be-amazon-coms-best-year-yet-4/,Will 2018 Be Amazon.com's Best Year Yet? - MustHaves.LA,"Mar 3, 2018 ... Will 2018 Be Amazon.com's Best Year Yet? Motley Fool. wf-
form4_151916922315595.xml – SEC.gov SEC.gov. Full coverage. Share this: 
Click to share on Twitter (Opens in new window) · Click to share on Facebook (
Opens in new window) · Click to share on Google+ (Opens in new window) · 
Click to ..."
http://www.dominicanrepublicpost.com/trump-may-hate-amazon-but-theres-little-he-could-do-to-it/,"Trump may hate Amazon, but there's little he could do to it","2 days ago ... Trump may hate Amazon, but there's little he could do to it USA TODAY. White 
House: 'No specific' actions being considered for Amazon The Hill; Amazon 
shares slump after report that Trump seeking ways to go after company Seattle 
Times; wf-form4_151916922315595.xml – SEC.gov SEC.gov; Trump ..."
http://mobilevoip.org/an-hq2-finalist-wants-to-name-a-city-after-amazon-and-create-a-highway-called-jeff-bezos-parkway.html,An HQ2 finalist wants to name a city after Amazon and create a ...,"5 days ago ... An HQ2 finalist wants to name a city after Amazon and create a highway called '
Jeff Bezos Parkway' Business Insider. Google is willing to buy the right company 
to hit Microsoft and Amazon in this market. Motley Fool; At Amazon, Price No 
Longer Matters Seeking Alpha; wf-form4_151916922315595.xml ..."
http://mobilevoip.org/amazon-asked-its-customers-what-they-think-about-tv-news-heres-the-survey.html,Amazon asked its customers what they think about TV news. Here's ...,"4 days ago ... #1 in a Decade: Apple, Amazon, Alphabet, or Facebook? Motley Fool; An HQ2 
finalist wants to name a city after Amazon and create a highway called 'Jeff Bezos 
Parkway' Business Insider; wf-form4_151916922315595.xml – SEC.gov SEC.
gov; As Amazon Steps Up Tax Collections, Some Cities Are Left ..."
http://goldnewsnow.com/president-trump-targets-amazon-on-twitter-shares-slide/,"President Trump targets Amazon on Twitter, shares slide – Gold ...","2 days ago ... President Trump targets Amazon on Twitter, shares slide USA TODAY. Here's the 
controversial tax practice by Amazon that's got Trump so upset CNBC; Trump 
Attacks Amazon, Saying It Does Not Pay Enough Taxes New York Times; wf-
form4_151916922315595.xml – SEC.gov SEC.gov; Trump hates ..."
http://goldnewsnow.com/trump-attacks-amazon-again-dealbook-briefing/,Trump Attacks Amazon Again: DealBook Briefing – Gold News Now,"2 days ago ... Trump Attacks Amazon Again: DealBook Briefing New York Times. President 
Donald Trump Slams Amazon Over Taxes It Pays and Impact on Other 
Businesses Wall Street Journal; Trump slams Amazon for 'putting many 
thousands of retailers out of business' The Hill; wf-form4_151916922315595.xml
 ..."
http://flickfirst.in/bollywood-news/tag/khiladis/,Khiladis Archives - Bollywood News,"New Khiladis In Bollywood: Can Netflix and Amazon Play It Right? New Khiladis 
In Bollywood: Can Netflix and Amazon Play It Right? The Quint. wf-
form4_151916922315595.xml – SEC.gov SEC.gov. Full protection. Source link ..."
http://www.nigeria.netizen24.com/2018/03/netizen-24-nga-trump-attacks-amazon.html,"Netizen 24 NGA: Trump Attacks Amazon, Saying It Does Not Pay ...","Trump Attacks Amazon, Saying It Does Not Pay Enough Taxes New York Times; 
Here's the controversial tax practice by Amazon that's got Trump so upset CNBC; 
President Trump targets Amazon on Twitter, shares slide USA TODAY; wf-
form4_151916922315595.xml - SEC.gov SEC.gov; Trump hates Amazon, not ..."
http://bonbonpolly.party/,Daily news,"Trump may hate Amazon, but there's little he could do to it USA TODAY; Amazon 
Loses $53 Billion in Market Value, Becoming FAANG's Biggest Loser Bloomberg; 
White House: 'No specific' actions being considered for Amazon The Hill; wf-
form4_151916922315595.xml - SEC.gov SEC.gov; Trump hates Amazon, not ..."
http://www.lastminutestuff.com/content/What-The-Bond-Market-Is-Telling-Tesla-Shareholders/4732256.html,Last Minute Stuff - What The Bond Market Is Telling Tesla ...,"... Donald Trump was ""obsessed"" with the e-commerce company, and wanted to 
give it a ""less favourable"" tax treatment. Mr Trump has talked ... Trump hates 
Amazon, not FacebookAxios Amazon.com, Inc. - AMZN - Stock Price Today - 
ZacksZacks wf-form4_151916922315595.xml - SEC.govSEC.gov all 630 news 
articles » ..."
https://newsscout.in/archives/758022,5 ways Amazon could disrupt healthcare - News Scout,"4 दिन पहले ... 5 ways Amazon could disrupt healthcare Healthcare Finance News. wf-
form4_151916922315595.xml – SEC.gov SEC.gov. Full coverage. Like & Share: 
Science. Post navigation. Previous Post:यूपी में बिजली कर्मचारियों 
का निजीकरण के विरोध में प्रदर्शन, कर्मचारियों ने ..."
https://newsscout.in/archives/764412,Eight Dev Kits for Amazon Alexa Voice Service (AVS) - News Scout,"3 दिन पहले ... Eight Dev Kits for Amazon Alexa Voice Service (AVS) Electronic Design. wf-
form4_151916922315595.xml – SEC.gov SEC.gov; What Amazon & Co. should 
fix first in our health care system Newsday. Full coverage ..."
https://newsscout.in/archives/762082,Dozens of ancient villages discovered in 'uninhabited' Amazon rain ...,"4 दिन पहले ... Richmond Times-Dispatch morning headlines available on Amazon Echo 
devices Richmond.com; Electronic Deals – March 27, 2018: Amazon Echo Show, 
Sony BT Speaker, & More Android Headlines; wf-form4_151916922315595.xml 
– SEC.gov SEC.gov; Garmin Speak Plus review: Amazon ..."
http://bestgirlsoflondon.co.uk/phone-love/good/,Good | Best Girls Of London,"CNNMoneyAmazon Loses $53 Billion in Market Value, Becoming FAANG's 
Biggest Loser Bloombergwf-form4_151916922315595.xml - SEC.gov SEC.
govTrump hates Amazon, not Facebook AxiosFull coverage. DC, Maryland may 
proceed with lawsuit alleging Trump violated emoluments clauses. DC, Maryland 
may ..."
https://www.gbaid.com/amazon-overtakes-alphabet-in-market-cap-how-the-2-aspx/,Amazon Overtakes Alphabet in Market Cap: How The 2 Tech Giants ...,"Amazon Overtakes Alphabet in Market Cap: How The 2 Tech Giants Compare 
Motley Fool. Amazon Passes Alphabet as Second-Largest US Company Wall 
Street Journal (blog); Amazon just passed Alphabet to become the world's 
second most valuable company CNBC; wf-form4_151916922315595.xml – SEC.
gov SEC."
http://lifestylesoftoday.com/2018/03/22/amazon-prime-is-slowly-losing-its-best-feature/,Amazon Prime Is Slowly Losing Its Best Feature | Viral News Everyday,"Mar 22, 2018 ... Amazon Prime Is Slowly Losing Its Best Feature Motley Fool. Saudis Hunting for 
Deals Plan to Meet Amazon, Apple, Google Bloomberg; Google's E-Commerce 
Rivalry With Amazon Just Got More Serious TheStreet.com; wf-
form4_151916922315595.xml – SEC.gov SEC.gov; Google is creating its own ..."
https://localide.com/2018/03/29/trump-escalates-attack-on-amazon-focusing-on-tax-shipping/,"Trump escalates attack on Amazon, focusing on tax, shipping - Local ...","2 days ago ... 'Amazon pays little or no taxes, uses US Post Service as delivery boy' – Donald 
Trump attacks online retailer Financial Express; Donald Trump escalates attack 
on Amazon, slams it on taxes, shipping Economic Times; wf-
form4_151916922315595.xml – SEC.gov SEC.gov; Trump hates Amazon, not ..."
http://th.trendli.net/trump-attacks-amazon-saying-it-does-not-pay-enough-taxes/dAMW-yUHWzhkxwMpbE7qDKfgxAvlM/,"Amazon.com, Inc. - AMZN - Stock Price Today - Zacks - Trendli.NET","Amazon.com, Inc. - AMZN - Stock Price Today - Zacks Maybe Amazon isn't the 
best company to be teaching teens about money management Silicon War: How 
Donald Trump Can End Amazon's Sweetheart Postal Service Deal Trump Attacks 
Amazon, Saying It Does Not Pay Enough Taxes Donald J. Trump on Twitter:"
https://www.videoshow.video/amazon-overtakes-alphabet-in-market-cap-how-the-2-aspx/,Amazon Overtakes Alphabet in Market Cap: How The 2 Tech Giants ...,"Jul 9, 2011 - 7 minAmazon Overtakes Alphabet in Market Cap: How The 2 Tech Giants Compare  Motley Fool ..."
https://www.videoshow.video/2018-03-amazon-thought-uninhabited-home-million-html/,Parts of the Amazon thought uninhabited were actually home to up ...,"Mar 23, 2018 - 3 minAndroid Central; Amazon receives patent for delivery drone that reacts to  screaming voices and ..."
https://www.euronews.biz/countries/malta/2018/03/31/trump-continues-attacks-on-amazon-washington-post/,"Trump continues attacks on Amazon, Washington Post | EURO-NEWS","4 hours ago ... Trump continues attacks on Amazon, Washington Post CNN. Trump accuses 
Amazon of 'Post Office scam,' falsely says The Post is company's lobbyist 
Washington Post; Trump Hits Amazon Again, Ripping Postal “Scam” And “Fake 
Washington Post” Deadline; wf-form4_151916922315595.xml – SEC.gov ..."
http://teenforsex.com/london-escorts-have-various-body-type-ladies/,London escorts have various body type ladies | Teen For Sex,"Oct 30, 2017 ... Trump may hate Amazon, but there's little he could do to it USA TODAYWhite 
House: 'No specific' actions being considered for Amazon The HillAmazon 
shares slump after report that Trump seeking ways to go after company Seattle 
Timeswf-form4_151916922315595.xml - SEC.gov SEC.govTrump hates ..."
http://www.biznewsweb.info/bollywood-movies-streaming-on-netflix-access-bollywood,BOLLYWOOD MOVIES STREAMING ON NETFLIX ACCESS ...,"Sep 3, 2016 ... ... Over-The-Top digital platforms, or OTT — is living up to its name. Count among 
the lead players – Netflix , Amazon Prime Video, Hotstar, Spuul, Hooq, Eros Now, 
Sony LIV, Hungama Play, VOOT and ALT Amazon.com, Inc. – AMZN – Stock 
Price Today – Zacks Zacks wf-form4_151916922315595.xml ..."
http://lizardheart.in/2018/03/trump-continues-attacks-on-amazon-washington-post/,lizardheart.in at the international world news. | Trump continues ...,"1 hour ago ... ... Washington Post CNNTrump renews attack on Amazon, calling its shipping 
deal with Postal Service a 'scam' that must end Los Angeles TimesTrump: '
Washington Post' should register as lobbyist over Amazon's postal 'scam' USA 
TODAYwf-form4_151916922315595.xml – SEC.gov SEC.gov'This Post ..."
https://search.aiois.com/?q=money+order+online%2Bfiletype%3Aasp,money order online filetype:asp - All-in-one Internet Search - A faster ...,"UPDATE 4-Amazon targets French grocery market with Monoprix deal London 
South East (blog); wf-form4_151916922315595.xml - SEC.gov SEC.gov; Full 
coverage ..."
